time,S,Z,R,I
1,79,36,2,0
2,79,36,2,2
3,78,35,3,3
4,77,35,3,5
5,76,34,4,6
6,75,34,4,7
7,75,34,4,8
8,75,33,5,10
9,76,33,5,11
10,76,33,5,12
11,76,33,5,13
12,75,32,6,13
13,76,32,6,14
14,75,32,6,15
15,74,30,8,15
16,74,30,8,16
17,73,30,8,16
18,73,30,8,17
19,73,29,9,17
20,72,29,9,17
21,72,28,10,17
22,71,27,11,17
23,71,26,12,17
24,72,25,13,17
25,72,24,14,17
26,71,24,14,16
27,72,24,14,16
28,72,24,14,15
29,72,24,14,15
30,70,22,16,14
31,70,22,16,13
32,70,21,17,13
33,71,20,18,12
34,71,20,18,11
35,70,20,18,10
36,70,20,18,8
37,70,19,19,7
38,70,19,19,6
39,70,19,19,5
40,70,18,20,3
41,70,18,20,2
42,70,18,20,0
43,70,19,20,2
44,69,19,20,2
45,70,19,20,3
46,69,20,20,3
47,68,20,20,3
48,68,21,20,3
49,69,20,21,4
50,69,20,21,4
51,68,20,21,4
52,68,20,21,4
53,69,20,21,5
54,69,20,21,5
55,69,20,21,5
56,69,20,21,6
57,69,20,21,6
58,69,20,21,6
59,69,20,21,6
60,69,20,21,7
61,69,20,21,7
62,70,20,21,7
63,70,21,21,7
64,70,21,21,7
65,69,21,21,8
66,70,21,21,8
67,68,21,21,8
68,68,21,21,8
69,68,21,21,9
70,67,21,21,9
71,67,22,21,9
72,66,22,21,9
73,66,21,22,9
74,66,21,22,10
75,66,21,22,10
76,65,21,22,10
77,65,21,22,10
78,65,21,22,10
79,65,21,22,11
80,65,21,22,11
81,65,22,22,11
82,65,22,22,11
83,65,23,22,11
84,66,23,22,11
85,65,23,22,12
86,65,23,22,12
87,65,24,22,12
88,65,24,22,12
89,65,24,22,12
90,65,24,22,12
91,66,24,22,13
92,66,24,22,13
93,66,24,22,13
94,66,24,22,13
95,65,24,22,13
96,64,24,22,13
97,64,24,22,14
98,64,24,22,14
99,64,25,22,14
100,64,27,22,14
101,63,28,22,14
102,63,28,22,14
103,64,28,22,14
104,63,28,22,14
105,61,28,23,15
106,62,28,23,15
107,61,28,23,15
108,61,28,23,15
109,62,28,23,15
110,62,28,23,15
111,61,28,23,15
112,62,28,23,15
113,63,29,23,15
114,62,29,23,15
115,61,29,23,16
116,61,28,24,16
117,61,28,24,16
118,62,27,25,16
119,62,27,25,16
120,62,27,25,16
121,62,27,25,16
122,62,28,25,16
123,62,28,26,16
124,62,28,26,16
125,62,28,26,16
126,61,28,26,16
127,61,28,26,16
128,61,28,26,16
129,61,28,26,17
130,61,29,26,17
131,60,29,26,17
132,59,29,26,17
133,59,29,26,17
134,57,29,27,17
135,56,29,27,17
136,56,30,27,17
137,56,29,28,17
138,56,29,28,17
139,56,29,28,17
140,56,29,28,17
141,56,29,28,17
142,56,30,28,17
143,56,31,28,17
144,56,31,28,17
145,57,31,28,17
146,57,31,28,17
147,57,31,28,17
148,57,31,28,17
149,57,30,29,17
150,57,30,29,17
151,57,30,29,17
152,56,30,29,17
153,57,30,29,17
154,57,30,29,17
155,57,30,29,17
156,57,31,29,17
157,57,31,29,17
158,57,31,29,17
159,57,31,29,17
160,57,31,29,17
161,57,31,29,17
162,57,31,29,17
163,57,32,29,17
164,57,32,29,17
165,57,32,29,17
166,57,32,29,16
167,57,32,29,16
168,57,34,29,16
169,57,35,29,16
170,58,35,29,16
171,58,35,29,16
172,59,35,29,16
173,59,35,29,16
174,59,35,29,16
175,59,35,29,16
176,59,35,29,16
177,59,35,29,16
178,58,36,29,16
179,59,36,29,16
180,59,36,29,15
181,59,36,29,15
182,59,36,29,15
183,59,36,29,15
184,59,36,29,15
185,59,36,29,15
186,59,37,29,15
187,59,37,29,15
188,59,37,29,15
189,59,37,29,15
190,58,37,29,14
191,58,37,29,14
192,58,37,29,14
193,58,37,29,14
194,58,37,29,14
195,59,37,29,14
196,59,37,29,14
197,59,37,29,14
198,59,37,29,13
199,59,37,29,13
200,60,37,29,13
201,60,37,29,13
202,60,37,29,13
203,60,37,29,13
204,60,37,29,12
205,60,37,29,12
206,60,37,29,12
207,61,37,29,12
208,61,37,29,12
209,61,38,29,12
210,61,38,29,11
211,61,38,29,11
212,61,38,29,11
213,61,38,29,11
214,61,38,29,11
215,60,38,29,11
216,60,38,29,10
217,60,38,29,10
218,60,38,29,10
219,60,38,29,10
220,60,38,29,10
221,60,38,29,9
222,60,38,29,9
223,60,39,29,9
224,60,39,29,9
225,60,39,29,9
226,60,39,29,8
227,60,39,29,8
228,59,39,29,8
229,58,39,29,8
230,58,39,29,7
231,58,39,29,7
232,58,39,29,7
233,56,39,29,7
234,56,39,29,7
235,56,39,29,6
236,56,39,29,6
237,56,39,29,6
238,56,39,29,6
239,55,39,29,5
240,55,39,29,5
241,55,39,29,5
242,55,39,29,4
243,55,39,29,4
244,55,39,29,4
245,55,39,29,4
246,55,39,29,3
247,55,39,29,3
248,55,39,29,3
249,55,39,29,3
250,55,40,29,2
251,55,40,29,2
252,55,39,30,2
253,55,39,30,2
254,55,39,30,2
255,55,39,30,2
256,55,39,30,2
257,55,39,30,2
258,55,39,30,2
259,55,39,30,2
260,55,39,30,2
261,55,39,30,2
262,55,40,30,2
263,56,41,30,2
264,57,41,30,2
265,57,41,30,2
266,57,41,30,2
267,57,42,30,2
268,57,44,30,2
269,58,44,30,2
270,59,44,30,2
271,59,44,30,2
272,61,45,30,2
273,61,45,30,2
274,61,45,30,2
275,61,45,30,2
276,61,45,30,2
277,61,45,30,2
278,61,45,30,2
279,61,45,30,2
280,62,45,30,2
281,62,45,30,2
282,62,45,30,2
283,62,45,30,2
284,62,45,30,2
285,63,45,30,2
286,64,45,30,2
287,65,45,30,2
288,64,45,30,2
289,64,45,30,2
290,64,45,30,2
291,64,45,30,2
292,64,45,30,2
293,64,45,30,2
294,64,46,30,2
295,64,46,30,2
296,64,46,30,2
297,64,46,30,2
298,64,46,30,2
299,64,46,30,2
300,64,46,30,2
301,64,46,30,2
302,64,46,30,2
303,64,46,30,2
304,65,46,30,2
305,65,46,30,2
306,65,46,30,2
307,65,46,30,2
308,65,46,30,2
309,65,46,30,2
310,65,46,30,2
311,65,46,30,2
312,65,46,30,2
313,65,46,30,2
314,65,46,30,2
315,66,46,30,2
316,66,46,30,2
317,66,46,30,2
318,66,46,30,2
319,66,46,30,2
320,66,46,30,2
321,67,46,30,2
322,67,46,30,2
323,67,46,30,2
324,67,47,30,2
325,67,47,30,2
326,67,47,30,2
327,67,47,30,2
328,67,47,30,2
329,67,47,30,2
330,67,47,30,2
331,67,47,30,2
332,67,47,30,2
333,67,47,30,2
334,67,47,30,2
335,67,47,30,2
336,68,47,30,2
337,68,47,30,2
338,68,47,30,2
339,68,47,30,2
340,68,47,30,2
341,68,47,30,2
342,68,47,30,2
343,68,47,30,2
344,68,47,30,2
345,69,47,30,2
346,69,47,30,2
347,69,47,30,2
348,69,47,30,2
349,69,47,30,2
350,69,47,30,2
351,69,48,30,2
352,69,48,30,2
353,69,48,30,2
354,69,48,30,2
355,69,48,30,2
356,69,48,30,2
357,69,48,30,2
358,69,48,30,2
359,69,48,30,2
360,69,48,30,2
361,69,48,30,2
362,69,48,30,2
363,69,48,30,2
364,69,48,30,2
365,69,48,30,2
366,69,48,30,2
367,69,48,30,2
368,70,48,30,2
369,70,48,30,2
370,70,48,30,2
371,70,48,30,2
372,70,48,30,2
373,71,48,30,2
374,71,47,31,2
375,72,47,31,2
376,72,47,31,2
377,72,47,31,2
378,73,47,31,2
379,73,47,31,2
380,73,47,31,2
381,73,47,31,2
382,73,47,31,2
383,73,47,31,2
384,73,47,31,2
385,73,47,31,2
386,74,47,31,2
387,74,46,32,2
388,74,45,33,2
389,74,45,33,2
390,74,45,33,2
391,73,45,33,2
392,73,45,33,2
393,72,45,33,2
394,72,45,33,2
395,72,45,33,2
396,72,44,34,2
397,72,44,34,2
398,73,44,34,2
399,74,44,34,2
400,74,44,34,2
401,74,44,34,2
402,74,44,34,2
403,74,44,34,2
404,74,44,34,2
405,74,44,34,2
406,75,44,34,2
407,75,44,34,2
408,75,44,34,2
409,74,44,34,2
410,74,44,34,2
411,74,44,34,2
412,74,44,34,2
413,75,44,34,2
414,74,44,34,2
415,74,44,34,2
416,74,44,34,2
417,74,44,34,2
418,74,44,34,2
419,74,44,34,2
420,74,44,34,2
421,74,44,34,2
422,75,44,34,2
423,75,45,34,2
424,75,45,34,2
425,75,45,34,2
426,75,45,34,2
427,75,46,34,2
428,75,46,34,2
429,75,46,34,2
430,75,46,34,2
431,76,46,34,2
432,76,46,34,2
433,76,46,34,2
434,76,46,34,2
435,76,46,34,2
436,76,46,34,2
437,76,46,34,2
438,76,46,34,2
439,76,46,34,2
440,76,46,34,2
441,76,46,34,2
442,76,46,34,2
443,76,46,34,2
444,76,46,34,2
445,76,46,34,2
446,76,46,34,2
447,76,47,34,2
448,76,47,34,2
449,77,47,34,2
450,77,47,34,2
451,77,46,35,2
452,77,46,35,2
453,77,46,35,2
454,77,46,35,2
455,77,46,35,2
456,77,46,35,2
457,77,46,35,2
458,77,46,35,2
459,77,46,35,2
460,77,44,37,2
461,76,44,37,2
462,76,44,37,2
463,76,44,37,2
464,76,44,37,2
465,76,44,37,2
466,76,44,37,2
467,76,44,37,2
468,76,44,37,2
469,76,44,37,2
470,76,44,37,2
471,76,44,37,2
472,76,44,37,2
473,76,44,37,2
474,76,44,37,2
475,76,44,37,2
476,76,44,37,2
477,78,44,37,2
478,78,44,37,2
479,78,44,37,2
480,78,44,37,2
481,78,44,37,2
482,79,44,37,2
483,79,44,37,2
484,79,43,38,2
485,79,43,38,2
486,79,43,38,2
487,79,43,38,2
488,78,43,38,2
489,78,43,38,2
490,78,43,38,2
491,78,43,38,2
492,78,43,38,2
493,79,43,38,2
494,79,43,38,2
495,79,43,38,2
496,79,43,38,2
497,79,43,38,2
498,79,43,38,2
499,79,44,38,2
500,80,44,38,2
501,80,44,38,2
502,80,44,38,2
503,80,44,38,2
504,80,44,38,2
505,80,44,38,2
506,80,44,38,2
507,80,44,38,2
508,80,44,38,2
509,80,44,38,2
510,80,44,38,2
511,81,44,38,2
512,81,44,38,2
513,81,44,38,2
514,81,44,38,2
515,81,44,38,2
516,81,44,38,2
517,81,44,38,2
518,81,44,38,2
519,81,44,38,2
520,81,44,38,2
521,82,44,38,2
522,82,44,38,2
523,83,44,38,2
524,83,45,38,2
525,83,45,38,2
526,83,45,38,2
527,83,44,39,2
528,84,44,39,2
529,84,44,39,2
530,84,44,39,2
531,84,44,39,2
532,84,44,39,2
533,84,44,39,2
534,84,44,39,2
535,85,44,39,2
536,85,44,39,2
537,85,44,39,2
538,85,44,39,2
539,85,44,39,2
540,85,44,39,2
541,85,44,39,2
542,86,44,39,2
543,86,44,39,2
544,86,44,39,2
545,86,44,39,2
546,86,44,39,2
547,86,44,39,2
548,86,44,39,2
549,86,44,39,2
550,86,44,39,2
551,86,44,39,2
552,86,44,39,2
553,86,44,39,2
554,85,44,39,2
555,85,44,39,2
556,86,44,39,2
557,86,44,39,2
558,86,44,39,2
559,86,44,39,2
560,86,44,39,2
561,86,44,39,2
562,86,44,39,2
563,86,44,39,2
564,86,44,39,2
565,86,44,39,2
566,87,44,39,2
567,86,44,39,2
568,86,44,39,2
569,86,44,39,2
570,86,44,39,2
571,86,44,39,2
572,86,44,39,2
573,86,44,39,2
574,88,44,39,2
575,89,44,39,2
576,89,44,39,2
577,89,44,39,2
578,89,44,39,2
579,89,44,39,2
580,89,44,39,2
581,89,44,39,2
582,89,44,39,2
583,89,44,39,2
584,89,45,39,2
585,89,45,39,2
586,89,45,39,2
587,89,45,39,2
588,89,45,39,2
589,89,45,39,2
590,89,45,39,2
591,89,45,39,2
592,89,45,39,2
593,90,45,39,2
594,90,45,39,2
595,90,45,39,2
596,90,46,39,2
597,90,45,40,2
598,90,45,40,2
599,90,45,40,2
600,89,45,40,2
601,90,45,40,2
602,90,45,40,2
603,90,44,41,2
604,90,44,41,2
605,91,44,41,2
606,91,44,41,2
607,91,44,41,2
608,91,44,41,2
609,90,44,41,2
610,90,44,41,2
611,88,44,41,2
612,88,44,41,2
613,89,44,41,2
614,89,44,41,2
615,89,44,41,2
616,90,43,42,2
617,89,43,42,2
618,89,43,42,2
619,89,43,42,2
620,89,43,42,2
621,89,43,42,2
622,90,43,42,2
623,90,43,42,2
624,91,43,42,2
625,91,43,42,2
626,91,43,42,2
627,91,43,42,2
628,90,43,42,2
629,89,43,42,2
630,89,43,42,2
631,89,43,42,2
632,89,43,42,2
633,89,43,42,2
634,89,43,42,2
635,89,44,42,2
636,89,44,42,2
637,90,45,42,2
638,90,45,42,2
639,90,45,42,2
640,90,45,42,2
641,90,45,42,2
642,90,46,42,2
643,91,46,42,2
644,90,47,42,2
645,89,47,42,2
646,89,47,42,2
647,89,47,42,2
648,89,47,42,2
649,89,47,42,2
650,89,47,42,2
651,89,47,42,2
652,89,47,42,2
653,89,47,42,2
654,89,47,42,2
655,89,49,42,2
656,89,49,42,2
657,89,49,42,2
658,89,49,42,2
659,89,49,42,2
660,89,49,42,2
661,89,49,42,2
662,89,49,42,2
663,89,49,42,2
664,89,49,42,2
665,90,49,42,2
666,90,49,42,2
667,90,49,42,2
668,90,49,42,2
669,90,49,42,2
670,90,49,42,2
671,90,49,42,2
672,92,49,42,2
673,92,49,42,2
674,92,50,42,2
675,93,51,42,2
676,93,51,42,2
677,93,51,42,2
678,93,51,42,2
679,93,51,42,2
680,93,51,42,2
681,93,51,42,2
682,93,51,42,2
683,93,51,42,2
684,93,51,42,2
685,93,51,42,2
686,93,51,42,2
687,93,51,42,2
688,93,51,42,2
689,94,51,42,2
690,94,51,42,2
691,94,51,42,2
692,94,51,42,2
693,94,51,42,2
694,96,51,42,2
695,96,51,42,2
696,96,51,42,2
697,96,51,42,2
698,97,51,42,2
699,97,51,42,2
700,97,51,42,2
701,97,51,42,2
702,97,51,42,2
703,97,51,42,2
704,97,51,42,2
705,97,51,42,2
706,97,51,42,2
707,97,51,42,2
708,97,51,42,2
709,97,51,42,2
710,98,51,42,2
711,98,51,42,2
712,98,51,42,2
713,98,51,42,2
714,99,51,42,2
715,99,51,42,2
716,99,51,42,2
717,99,51,42,2
718,99,51,42,2
719,100,51,42,2
720,100,51,42,2
721,100,51,42,2
722,100,51,42,2
723,100,51,42,2
724,100,51,42,2
725,100,51,42,2
726,100,51,42,2
727,101,51,42,2
728,101,51,42,2
729,102,51,42,2
730,102,51,42,2
731,103,51,42,2
732,103,51,42,2
733,103,51,42,2
734,103,51,42,2
735,103,51,42,2
736,103,51,42,2
737,103,51,42,2
738,103,51,42,2
739,104,51,42,2
740,104,51,42,2
741,104,51,42,2
742,104,51,42,2
743,104,51,42,2
744,104,51,42,2
745,104,51,42,2
746,104,51,42,2
747,104,51,42,2
748,104,51,42,2
749,104,51,42,2
750,104,51,42,2
751,104,51,42,2
752,105,51,42,2
753,105,51,42,2
754,105,51,42,2
755,106,51,42,2
756,106,51,42,2
757,106,51,42,2
758,106,51,42,2
759,106,51,42,2
760,106,51,42,2
761,106,51,42,2
762,106,51,42,2
763,107,51,42,2
764,107,51,42,2
765,107,51,42,2
766,107,51,42,2
767,107,51,42,2
768,107,51,42,2
769,107,51,42,2
770,107,51,42,2
771,107,51,42,2
772,107,51,42,2
773,107,51,42,2
774,107,51,42,2
775,108,51,42,2
776,108,51,42,2
777,108,51,42,2
778,108,51,42,2
779,108,51,42,2
780,108,51,42,2
781,108,51,42,2
782,108,51,42,2
783,108,51,42,2
784,108,51,42,2
785,108,51,42,2
786,108,51,42,2
787,108,51,42,2
788,108,51,42,2
789,108,51,42,2
790,108,51,42,2
791,108,51,42,2
792,108,51,42,2
793,108,51,42,2
794,108,51,42,2
795,108,51,42,2
796,108,51,42,2
797,108,51,42,2
798,108,51,42,2
799,109,51,42,2
800,109,51,42,2
801,110,51,42,2
802,110,51,42,2
803,110,51,42,2
804,110,51,42,2
805,110,51,42,2
806,110,51,42,2
807,110,51,42,2
808,110,51,42,2
809,111,51,42,2
810,111,51,42,2
811,111,51,42,2
812,111,51,42,2
813,111,51,42,2
814,113,51,42,2
815,113,51,42,2
816,113,51,42,2
817,114,51,42,2
818,114,51,42,2
819,114,51,42,2
820,114,51,42,2
821,114,51,42,2
822,114,51,42,2
823,114,51,42,2
824,114,51,42,2
825,114,51,42,2
826,114,51,42,2
827,114,51,42,2
828,114,51,42,2
829,114,50,43,2
830,114,50,43,2
831,114,50,43,2
832,114,50,43,2
833,114,50,43,2
834,114,50,43,2
835,115,50,43,2
836,115,50,43,2
837,116,50,43,2
838,116,50,43,2
839,115,50,43,2
840,115,50,43,2
841,115,50,43,2
842,116,50,43,2
843,116,50,43,2
844,116,50,43,2
845,116,50,43,2
846,116,50,43,2
847,116,50,43,2
848,116,50,43,2
849,116,50,43,2
850,116,50,43,2
851,116,50,43,2
852,116,50,43,2
853,117,50,43,2
854,118,50,43,2
855,119,50,43,2
856,119,50,43,2
857,119,50,43,2
858,119,50,43,2
859,119,49,44,2
860,119,49,44,2
861,118,49,44,2
862,118,49,44,2
863,118,49,44,2
864,118,50,44,2
865,119,50,44,2
866,119,50,44,2
867,120,50,44,2
868,120,50,44,2
869,120,50,44,2
870,120,50,44,2
871,121,50,44,2
872,122,50,44,2
873,122,50,44,2
874,122,50,44,2
875,122,50,44,2
876,123,50,44,2
877,123,50,44,2
878,123,50,44,2
879,123,50,44,2
880,123,50,44,2
881,123,50,44,2
882,123,50,44,2
883,123,50,44,2
884,123,50,44,2
885,123,49,45,2
886,122,48,46,2
887,122,48,46,2
888,122,48,46,2
889,122,48,46,2
890,122,48,46,2
891,122,48,46,2
892,122,48,46,2
893,122,48,46,2
894,122,48,46,2
895,122,48,46,2
896,122,48,46,2
897,122,48,46,2
898,122,48,46,2
899,122,48,46,2
900,122,48,46,2
901,122,47,47,2
902,121,47,47,2
903,121,47,47,2
904,121,47,47,2
905,122,47,47,2
906,122,48,47,2
907,122,48,47,2
908,122,48,47,2
909,122,48,47,2
910,122,48,47,2
911,123,48,47,2
912,124,48,47,2
913,124,48,47,2
914,123,48,47,2
915,124,48,47,2
916,124,48,47,2
917,124,48,47,2
918,126,48,47,2
919,126,48,47,2
920,126,48,47,2
921,128,48,47,2
922,128,48,47,2
923,128,48,47,2
924,128,48,47,2
925,128,48,47,2
926,128,47,48,2
927,128,48,48,2
928,128,48,48,2
929,128,48,48,2
930,128,48,48,2
931,128,48,48,2
932,128,48,48,2
933,128,48,48,2
934,128,48,48,2
935,128,48,48,2
936,128,48,48,2
937,128,48,48,2
938,128,48,48,2
939,128,48,48,2
940,128,49,48,2
941,128,49,48,2
942,128,49,48,2
943,128,49,48,2
944,128,49,48,2
945,128,49,48,2
946,130,49,48,2
947,130,49,48,2
948,131,49,48,2
949,131,49,48,2
950,131,49,48,2
951,131,49,48,2
952,132,49,48,2
953,132,49,48,2
954,132,49,48,2
955,133,49,48,2
956,134,49,48,2
957,135,49,48,2
958,135,49,48,2
959,135,49,48,2
960,135,49,48,2
961,136,49,48,2
962,135,49,48,2
963,135,49,48,2
964,135,49,48,2
965,135,48,49,2
966,137,48,49,2
967,137,48,49,2
968,138,48,49,2
969,138,48,49,2
970,140,48,49,2
971,140,48,49,2
972,141,48,49,2
973,141,48,49,2
974,141,48,49,2
975,141,48,49,2
976,141,48,49,2
977,142,48,49,2
978,142,48,49,2
979,142,48,49,2
980,144,48,49,2
981,145,48,49,2
982,145,48,49,2
983,145,48,49,2
984,145,48,49,2
985,145,48,49,2
986,145,48,49,2
987,145,48,49,2
988,145,48,49,2
989,146,48,49,2
990,146,48,49,2
991,146,48,49,2
992,146,48,49,2
993,146,48,49,2
994,147,48,49,2
995,147,48,49,2
996,147,48,49,2
997,147,48,49,2
998,147,48,49,2
999,147,48,49,2
1000,147,48,49,2
1001,147,48,49,2
1002,147,48,49,2
1003,147,48,49,2
1004,148,48,49,2
1005,148,48,49,2
1006,148,48,49,2
1007,148,48,49,2
1008,148,48,49,2
1009,148,48,49,2
1010,148,48,49,2
1011,148,48,49,2
1012,148,48,49,2
1013,149,48,49,2
1014,150,48,49,2
1015,150,48,49,2
1016,150,48,49,2
1017,150,48,49,2
1018,152,48,49,2
1019,153,48,49,2
1020,153,48,49,2
1021,153,48,49,2
1022,153,48,49,2
1023,153,48,49,2
1024,153,48,49,2
1025,153,48,49,2
1026,153,48,49,2
1027,153,48,49,2
1028,153,48,49,2
1029,153,48,49,2
1030,153,48,49,2
1031,154,48,49,2
1032,154,48,49,2
1033,154,48,49,2
1034,154,48,49,2
1035,154,48,49,2
1036,154,48,49,2
1037,154,48,49,2
1038,154,48,49,2
1039,154,48,49,2
1040,155,48,49,2
1041,155,48,49,2
1042,155,48,49,2
1043,155,48,49,2
1044,155,48,49,2
1045,155,48,49,2
1046,155,48,49,2
1047,156,48,49,2
1048,156,48,49,2
1049,156,48,49,2
1050,157,48,49,2
1051,157,48,49,2
1052,160,48,49,2
1053,160,48,49,2
1054,160,48,49,2
1055,161,48,49,2
1056,162,48,49,2
1057,162,48,49,2
1058,163,48,49,2
1059,163,48,49,2
1060,163,48,49,2
1061,164,48,49,2
1062,164,48,49,2
1063,164,48,49,2
1064,164,48,49,2
1065,165,48,49,2
1066,165,48,49,2
1067,165,48,49,2
1068,165,48,49,2
1069,165,48,49,2
1070,165,48,49,2
1071,165,48,49,2
1072,165,48,49,2
1073,165,48,49,2
1074,165,48,49,2
1075,165,48,49,2
1076,165,48,49,2
1077,166,48,49,2
1078,166,48,49,2
1079,166,48,49,2
1080,167,48,49,2
1081,167,48,49,2
1082,167,48,49,2
1083,167,48,49,2
1084,167,48,49,2
1085,167,48,49,2
1086,168,48,49,2
1087,168,48,49,2
1088,168,48,49,2
1089,168,48,49,2
1090,168,48,49,2
1091,168,48,49,2
1092,168,48,49,2
1093,168,48,49,2
1094,168,48,49,2
1095,169,48,49,2
1096,169,48,49,2
1097,169,48,49,2
1098,170,48,49,2
1099,170,48,49,2
1100,170,48,49,2
1101,170,48,49,2
1102,170,48,49,2
1103,171,48,49,2
1104,171,48,49,2
1105,172,48,49,2
1106,172,48,49,2
1107,172,48,49,2
1108,172,48,49,2
1109,172,48,49,2
1110,173,48,49,2
1111,173,48,49,2
1112,173,48,49,2
1113,173,48,49,2
1114,174,48,49,2
1115,174,48,49,2
1116,174,48,49,2
1117,174,48,49,2
1118,174,48,49,2
1119,174,48,49,2
1120,174,48,49,2
1121,174,48,49,2
1122,174,48,49,2
1123,174,48,49,2
1124,174,48,49,2
1125,174,48,49,2
1126,174,48,49,2
1127,174,48,49,2
1128,174,48,49,2
1129,174,48,49,2
1130,174,48,49,2
1131,174,48,49,2
1132,174,48,49,2
1133,174,48,49,2
1134,176,48,49,2
1135,176,48,49,2
1136,176,48,49,2
1137,178,48,49,2
1138,178,48,49,2
1139,179,48,49,2
1140,181,48,49,2
1141,181,48,49,2
1142,181,48,49,2
1143,181,48,49,2
1144,181,48,49,2
1145,181,48,49,2
1146,182,48,49,2
1147,182,48,49,2
1148,183,48,49,2
1149,183,48,49,2
1150,183,48,49,2
1151,183,48,49,2
1152,184,48,49,2
1153,184,48,49,2
1154,184,48,49,2
1155,185,48,49,2
1156,185,48,49,2
1157,185,48,49,2
1158,185,48,49,2
1159,186,48,49,2
1160,186,48,49,2
1161,186,48,49,2
1162,186,48,49,2
1163,186,48,49,2
1164,186,48,49,2
1165,186,48,49,2
1166,187,48,49,2
1167,187,48,49,2
1168,187,48,49,2
1169,187,48,49,2
1170,187,48,49,2
1171,187,48,49,2
1172,189,48,49,2
1173,189,48,49,2
1174,190,48,49,2
1175,190,48,49,2
1176,190,48,49,2
1177,190,48,49,2
1178,190,48,49,2
1179,190,48,49,2
1180,190,48,49,2
1181,191,48,49,2
1182,191,48,49,2
1183,191,48,49,2
1184,192,48,49,2
1185,193,48,49,2
1186,193,48,49,2
1187,193,48,49,2
1188,193,48,49,2
1189,193,48,49,2
1190,193,48,49,2
1191,194,48,49,2
1192,194,48,49,2
1193,194,48,49,2
1194,194,48,49,2
1195,194,48,49,2
1196,194,48,49,2
1197,195,48,49,2
1198,195,48,49,2
1199,195,48,49,2
1200,195,48,49,2
1201,196,48,49,2
1202,196,48,49,2
1203,197,48,49,2
1204,198,48,49,2
1205,198,48,49,2
1206,198,48,49,2
1207,199,48,49,2
1208,199,48,49,2
1209,199,48,49,2
1210,199,48,49,2
1211,199,48,49,2
1212,200,48,49,2
1213,200,48,49,2
1214,201,48,49,2
1215,202,48,49,2
1216,203,48,49,2
1217,204,48,49,2
1218,205,48,49,2
1219,205,48,49,2
1220,205,48,49,2
1221,206,48,49,2
1222,206,48,49,2
1223,206,48,49,2
1224,206,48,49,2
1225,207,48,49,2
1226,208,48,49,2
1227,208,48,49,2
1228,209,48,49,2
1229,209,48,49,2
1230,209,48,49,2
1231,209,48,49,2
1232,210,48,49,2
1233,210,48,49,2
1234,210,48,49,2
1235,211,48,49,2
1236,211,48,49,2
1237,211,48,49,2
1238,212,48,49,2
1239,213,48,49,2
1240,213,48,49,2
1241,213,48,49,2
1242,213,48,49,2
1243,214,48,49,2
1244,214,48,49,2
1245,214,48,49,2
1246,214,48,49,2
1247,215,48,49,2
1248,215,48,49,2
1249,215,48,49,2
1250,216,48,49,2
1251,216,48,49,2
1252,216,48,49,2
1253,216,48,49,2
1254,216,48,49,2
1255,216,48,49,2
1256,218,48,49,2
1257,218,48,49,2
1258,219,48,49,2
1259,219,48,49,2
1260,220,48,49,2
1261,220,48,49,2
1262,222,48,49,2
1263,222,48,49,2
1264,222,48,49,2
1265,222,48,49,2
1266,222,48,49,2
1267,223,48,49,2
1268,224,48,49,2
1269,226,48,49,2
1270,226,48,49,2
1271,226,48,49,2
1272,227,48,49,2
1273,228,48,49,2
1274,228,48,49,2
1275,228,48,49,2
1276,228,48,49,2
1277,228,48,49,2
1278,229,48,49,2
1279,230,48,49,2
1280,230,48,49,2
1281,230,48,49,2
1282,232,48,49,2
1283,233,48,49,2
1284,234,48,49,2
1285,234,48,49,2
1286,234,48,49,2
1287,234,48,49,2
1288,234,48,49,2
1289,234,48,49,2
1290,235,48,49,2
1291,235,48,49,2
1292,235,48,49,2
1293,235,48,49,2
1294,235,48,49,2
1295,236,48,49,2
1296,236,48,49,2
1297,236,48,49,2
1298,237,48,49,2
1299,237,48,49,2
1300,237,48,49,2
1301,239,48,49,2
1302,239,48,49,2
1303,239,48,49,2
1304,239,48,49,2
1305,239,48,49,2
1306,239,48,49,2
1307,239,48,49,2
1308,241,48,49,2
1309,242,48,49,2
1310,242,48,49,2
1311,242,48,49,2
1312,242,48,49,2
1313,242,48,49,2
1314,242,48,49,2
1315,243,48,49,2
1316,243,48,49,2
1317,243,48,49,2
1318,243,48,49,2
1319,243,48,49,2
1320,243,48,49,2
1321,245,48,49,2
1322,245,48,49,2
1323,245,48,49,2
1324,246,48,49,2
1325,247,48,49,2
1326,247,48,49,2
1327,247,48,49,2
1328,247,48,49,2
1329,247,48,49,2
1330,248,48,49,2
1331,248,48,49,2
1332,248,48,49,2
1333,248,48,49,2
1334,249,48,49,2
1335,249,48,49,2
1336,250,48,49,2
1337,250,48,49,2
1338,251,48,49,2
1339,251,48,49,2
1340,251,48,49,2
1341,253,48,49,2
1342,253,48,49,2
1343,253,48,49,2
1344,253,48,49,2
1345,253,48,49,2
1346,253,48,49,2
1347,253,48,49,2
1348,253,48,49,2
1349,254,48,49,2
1350,254,48,49,2
1351,254,48,49,2
1352,255,48,49,2
1353,255,48,49,2
1354,256,48,49,2
1355,257,48,49,2
1356,257,48,49,2
1357,258,48,49,2
1358,258,48,49,2
1359,259,48,49,2
1360,259,48,49,2
1361,259,48,49,2
1362,259,48,49,2
1363,260,48,49,2
1364,260,48,49,2
1365,260,48,49,2
1366,260,48,49,2
1367,261,48,49,2
1368,261,48,49,2
1369,261,48,49,2
1370,261,48,49,2
1371,261,48,49,2
1372,261,48,49,2
1373,261,48,49,2
1374,262,48,49,2
1375,264,48,49,2
1376,264,48,49,2
1377,263,48,49,2
1378,264,48,49,2
1379,265,48,49,2
1380,265,48,49,2
1381,266,48,49,2
1382,266,48,49,2
1383,266,48,49,2
1384,266,48,49,2
1385,267,48,49,2
1386,267,48,49,2
1387,267,48,49,2
1388,267,48,49,2
1389,268,48,49,2
1390,269,48,49,2
1391,269,48,49,2
1392,269,48,49,2
1393,271,48,49,2
1394,271,48,49,2
1395,271,48,49,2
1396,273,49,49,2
1397,273,49,49,2
1398,273,49,49,2
1399,273,49,49,2
1400,273,49,49,2
1401,273,49,49,2
1402,273,49,49,2
1403,273,49,49,2
1404,274,49,49,2
1405,275,49,49,2
1406,276,49,49,2
1407,276,49,49,2
1408,276,49,49,2
1409,277,49,49,2
1410,278,49,49,2
1411,278,49,49,2
1412,278,49,49,2
1413,279,49,49,2
1414,279,49,49,2
1415,280,49,49,2
1416,280,49,49,2
1417,280,49,49,2
1418,282,49,49,2
1419,282,49,49,2
1420,283,49,49,2
1421,283,49,49,2
1422,283,49,49,2
1423,284,49,49,2
1424,284,49,49,2
1425,284,49,49,2
1426,284,49,49,2
1427,287,49,49,2
1428,287,49,49,2
1429,287,49,49,2
1430,287,49,49,2
1431,289,49,49,2
1432,289,49,49,2
1433,289,49,49,2
1434,289,49,49,2
1435,290,49,49,2
1436,290,49,49,2
1437,290,49,49,2
1438,290,49,49,2
1439,290,49,49,2
1440,291,49,49,2
1441,291,49,49,2
1442,291,49,49,2
1443,291,49,49,2
1444,291,49,49,2
1445,291,49,49,2
1446,293,49,49,2
1447,294,49,49,2
1448,294,49,49,2
1449,296,49,49,2
1450,297,49,49,2
1451,297,49,49,2
1452,299,49,49,2
1453,300,49,49,2
1454,300,49,49,2
1455,300,49,49,2
1456,302,49,49,2
1457,302,49,49,2
1458,304,49,49,2
1459,305,49,49,2
1460,306,49,49,2
1461,306,49,49,2
1462,306,49,49,2
1463,306,49,49,2
1464,307,49,49,2
1465,307,49,49,2
1466,309,49,49,2
1467,310,49,49,2
1468,310,49,49,2
1469,310,49,49,2
1470,310,49,49,2
1471,310,49,49,2
1472,311,49,49,2
1473,311,49,49,2
1474,311,49,49,2
1475,311,49,49,2
1476,313,49,49,2
1477,314,49,49,2
1478,314,49,49,2
1479,315,49,49,2
1480,316,49,49,2
1481,316,49,49,2
1482,317,49,49,2
1483,317,49,49,2
1484,318,49,49,2
1485,319,49,49,2
1486,319,49,49,2
1487,320,49,49,2
1488,321,49,49,2
1489,321,49,49,2
1490,321,49,49,2
1491,322,49,49,2
1492,322,49,49,2
1493,322,49,49,2
1494,322,49,49,2
1495,322,49,49,2
1496,322,49,49,2
1497,322,49,49,2
1498,322,49,49,2
1499,322,49,49,2
1500,322,49,49,2
1501,323,49,49,2
1502,323,49,49,2
1503,323,49,49,2
1504,324,49,49,2
1505,324,49,49,2
1506,324,49,49,2
1507,325,49,49,2
1508,325,49,49,2
1509,325,49,49,2
1510,325,49,49,2
1511,325,49,49,2
1512,326,49,49,2
1513,327,49,49,2
1514,327,49,49,2
1515,327,49,49,2
1516,328,49,49,2
1517,329,49,49,2
1518,330,49,49,2
1519,332,49,49,2
1520,332,49,49,2
1521,332,49,49,2
1522,332,49,49,2
1523,333,49,49,2
1524,333,49,49,2
1525,334,49,49,2
1526,334,49,49,2
1527,336,49,49,2
1528,337,49,49,2
1529,338,49,49,2
1530,338,49,49,2
1531,338,49,49,2
1532,338,49,49,2
1533,338,49,49,2
1534,339,49,49,2
1535,339,49,49,2
1536,340,49,49,2
1537,340,49,49,2
1538,342,49,49,2
1539,342,49,49,2
1540,342,49,49,2
1541,342,49,49,2
1542,342,49,49,2
1543,342,49,49,2
1544,342,49,49,2
1545,343,49,49,2
1546,343,49,49,2
1547,344,49,49,2
1548,344,49,49,2
1549,344,49,49,2
1550,344,49,49,2
1551,345,49,49,2
1552,346,49,49,2
1553,346,49,49,2
1554,346,49,49,2
1555,347,49,49,2
1556,348,49,49,2
1557,348,49,49,2
1558,348,49,49,2
1559,349,49,49,2
1560,349,49,49,2
1561,351,49,49,2
1562,352,49,49,2
1563,353,49,49,2
1564,353,49,49,2
1565,353,49,49,2
1566,354,49,49,2
1567,355,49,49,2
1568,358,49,49,2
1569,358,49,49,2
1570,360,49,49,2
1571,362,49,49,2
1572,362,49,49,2
1573,363,49,49,2
1574,363,49,49,2
1575,363,49,49,2
1576,363,49,49,2
1577,363,49,49,2
1578,364,49,49,2
1579,364,49,49,2
1580,365,49,49,2
1581,365,49,49,2
1582,365,49,49,2
1583,365,49,49,2
1584,366,49,49,2
1585,367,49,49,2
1586,367,49,49,2
1587,367,49,49,2
1588,367,49,49,2
1589,367,49,49,2
1590,369,49,49,2
1591,369,49,49,2
1592,369,49,49,2
1593,369,49,49,2
1594,370,49,49,2
1595,371,49,49,2
1596,372,49,49,2
1597,374,49,49,2
1598,374,49,49,2
1599,374,49,49,2
1600,374,49,49,2
1601,375,49,49,2
1602,375,49,49,2
1603,375,49,49,2
1604,376,49,49,2
1605,377,49,49,2
1606,377,49,49,2
1607,378,49,49,2
1608,379,49,49,2
1609,379,49,49,2
1610,379,49,49,2
1611,379,49,49,2
1612,380,49,49,2
1613,381,49,49,2
1614,381,49,49,2
1615,381,49,49,2
1616,381,49,49,2
1617,383,49,49,2
1618,384,49,49,2
1619,386,49,49,2
1620,386,49,49,2
1621,386,49,49,2
1622,387,49,49,2
1623,387,49,49,2
1624,387,49,49,2
1625,387,49,49,2
1626,387,49,49,2
1627,387,49,49,2
1628,388,49,49,2
1629,388,49,49,2
1630,388,49,49,2
1631,388,49,49,2
1632,389,49,49,2
1633,390,49,49,2
1634,391,49,49,2
1635,392,49,49,2
1636,392,49,49,2
1637,393,49,49,2
1638,393,49,49,2
1639,393,49,49,2
1640,394,49,49,2
1641,394,49,49,2
1642,394,49,49,2
1643,394,49,49,2
1644,394,49,49,2
1645,395,49,49,2
1646,396,49,49,2
1647,398,49,49,2
1648,399,49,49,2
1649,399,49,49,2
1650,399,49,49,2
1651,399,49,49,2
1652,399,49,49,2
1653,399,49,49,2
1654,399,49,49,2
1655,400,49,49,2
1656,400,49,49,2
1657,401,49,49,2
1658,401,49,49,2
1659,402,49,49,2
1660,404,49,49,2
1661,405,49,49,2
1662,405,49,49,2
1663,406,49,49,2
1664,406,49,49,2
1665,406,49,49,2
1666,407,49,49,2
1667,408,49,49,2
1668,408,49,49,2
1669,408,49,49,2
1670,409,49,49,2
1671,409,49,49,2
1672,410,49,49,2
1673,411,49,49,2
1674,412,49,49,2
1675,412,49,49,2
1676,413,49,49,2
1677,415,49,49,2
1678,417,49,49,2
1679,417,49,49,2
1680,419,49,49,2
1681,421,49,49,2
1682,421,49,49,2
1683,421,49,49,2
1684,421,49,49,2
1685,421,49,49,2
1686,421,49,49,2
1687,421,49,49,2
1688,422,49,49,2
1689,423,49,49,2
1690,424,49,49,2
1691,425,49,49,2
1692,426,49,49,2
1693,426,49,49,2
1694,427,49,49,2
1695,431,49,49,2
1696,432,49,49,2
1697,432,49,49,2
1698,432,49,49,2
1699,434,49,49,2
1700,434,49,49,2
1701,434,49,49,2
1702,437,49,49,2
1703,438,49,49,2
1704,438,49,49,2
1705,439,49,49,2
1706,439,49,49,2
1707,439,49,49,2
1708,439,49,49,2
1709,439,49,49,2
1710,439,49,49,2
1711,439,49,49,2
1712,439,49,49,2
1713,439,49,49,2
1714,439,49,49,2
1715,440,49,49,2
1716,442,49,49,2
1717,442,49,49,2
1718,443,49,49,2
1719,443,49,49,2
1720,443,49,49,2
1721,445,49,49,2
1722,446,49,49,2
1723,446,49,49,2
1724,446,49,49,2
1725,446,49,49,2
1726,447,49,49,2
1727,447,49,49,2
1728,447,49,49,2
1729,447,49,49,2
1730,449,49,49,2
1731,449,49,49,2
1732,449,49,49,2
1733,450,49,49,2
1734,452,49,49,2
1735,452,49,49,2
1736,452,49,49,2
1737,452,49,49,2
1738,453,49,49,2
1739,453,49,49,2
1740,454,49,49,2
1741,454,49,49,2
1742,454,49,49,2
1743,455,49,49,2
1744,455,49,49,2
1745,455,49,49,2
1746,455,49,49,2
1747,455,49,49,2
1748,458,49,49,2
1749,459,49,49,2
1750,460,49,49,2
1751,462,49,49,2
1752,462,49,49,2
1753,463,49,49,2
1754,464,49,49,2
1755,464,49,49,2
1756,464,49,49,2
1757,464,49,49,2
1758,464,49,49,2
1759,467,49,49,2
1760,467,49,49,2
1761,467,49,49,2
1762,467,49,49,2
1763,467,49,49,2
1764,467,49,49,2
1765,467,49,49,2
1766,467,49,49,2
1767,469,49,49,2
1768,469,49,49,2
1769,469,49,49,2
1770,469,49,49,2
1771,469,49,49,2
1772,469,49,49,2
1773,470,49,49,2
1774,470,49,49,2
1775,470,49,49,2
1776,472,49,49,2
1777,472,49,49,2
1778,475,49,49,2
1779,476,49,49,2
1780,476,49,49,2
1781,477,49,49,2
1782,478,49,49,2
1783,478,49,49,2
1784,479,49,49,2
1785,480,49,49,2
1786,482,49,49,2
1787,482,49,49,2
1788,482,49,49,2
1789,483,49,49,2
1790,484,49,49,2
1791,486,49,49,2
1792,487,49,49,2
1793,487,49,49,2
1794,490,49,49,2
1795,491,49,49,2
1796,493,49,49,2
1797,493,49,49,2
1798,494,49,49,2
1799,494,49,49,2
1800,495,49,49,2
1801,495,49,49,2
1802,496,49,49,2
1803,496,49,49,2
1804,496,49,49,2
1805,496,49,49,2
1806,496,49,49,2
1807,496,49,49,2
1808,496,49,49,2
1809,498,49,49,2
1810,500,49,49,2
1811,502,49,49,2
1812,502,49,49,2
1813,502,49,49,2
1814,502,49,49,2
1815,503,49,49,2
1816,504,49,49,2
1817,504,49,49,2
1818,505,49,49,2
1819,505,49,49,2
1820,507,49,49,2
1821,507,49,49,2
1822,507,49,49,2
1823,509,49,49,2
1824,510,49,49,2
1825,511,49,49,2
1826,511,49,49,2
1827,512,49,49,2
1828,514,49,49,2
1829,515,49,49,2
1830,516,49,49,2
1831,518,49,49,2
1832,518,49,49,2
1833,518,49,49,2
1834,519,49,49,2
1835,519,49,49,2
1836,520,49,49,2
1837,520,49,49,2
1838,520,49,49,2
1839,520,49,49,2
1840,521,49,49,2
1841,522,49,49,2
1842,524,49,49,2
1843,526,49,49,2
1844,527,49,49,2
1845,528,49,49,2
1846,528,49,49,2
1847,528,49,49,2
1848,528,49,50,2
1849,529,49,50,2
1850,531,49,50,2
1851,532,49,50,2
1852,531,49,50,2
1853,531,49,50,2
1854,531,50,50,2
1855,530,50,50,2
1856,532,50,50,2
1857,533,50,50,2
1858,533,50,50,2
1859,534,50,50,2
1860,536,50,50,2
1861,536,51,50,2
1862,537,51,50,2
1863,538,51,50,2
1864,539,52,50,2
1865,540,52,50,2
1866,540,52,50,2
1867,539,52,50,2
1868,539,52,50,2
1869,538,52,50,2
1870,539,52,50,2
1871,539,52,50,2
1872,540,52,50,2
1873,541,52,50,2
1874,545,52,50,2
1875,547,52,50,2
1876,548,52,51,2
1877,551,51,52,2
1878,551,51,52,2
1879,549,51,52,2
1880,549,51,52,2
1881,549,51,52,2
1882,549,51,52,2
1883,551,51,52,2
1884,553,51,52,2
1885,553,51,52,2
1886,552,51,52,2
1887,553,51,52,2
1888,553,51,53,2
1889,555,51,53,2
1890,554,51,53,2
1891,556,51,53,2
1892,556,51,53,2
1893,557,51,53,2
1894,558,51,53,2
1895,558,51,53,2
1896,558,51,53,2
