time,S,Z,R
1,80,38,0
2,80,38,0
3,80,38,0
4,81,38,0
5,81,38,0
6,81,38,0
7,80,38,0
8,81,38,0
9,81,38,0
10,81,38,0
11,83,38,0
12,82,38,0
13,83,38,0
14,82,38,0
15,81,38,0
16,81,38,0
17,79,38,0
18,81,38,0
19,82,38,0
20,83,38,0
21,85,38,0
22,85,38,0
23,86,38,0
24,85,38,0
25,87,38,0
26,86,38,0
27,85,38,0
28,84,38,0
29,84,38,0
30,83,38,0
31,84,38,0
32,84,38,0
33,84,38,0
34,85,38,0
35,85,38,0
36,85,38,0
37,85,38,0
38,86,38,0
39,85,38,0
40,84,38,0
41,83,38,0
42,85,38,0
43,85,38,0
44,85,38,0
45,85,38,0
46,87,38,0
47,87,38,0
48,88,38,0
49,88,38,0
50,86,38,0
51,87,38,0
52,88,38,0
53,89,31,7
54,90,31,7
55,90,31,7
56,90,31,7
57,91,31,7
58,94,31,7
59,93,31,7
60,94,31,7
61,95,31,7
62,94,31,7
63,96,31,7
64,97,31,7
65,98,31,7
66,98,31,7
67,98,31,7
68,99,31,7
69,100,31,7
70,100,31,7
71,100,31,7
72,101,31,7
73,103,31,7
74,104,31,7
75,104,30,8
76,105,30,8
77,105,30,8
78,105,30,8
79,104,30,8
80,105,30,8
81,104,29,9
82,104,29,9
83,105,29,9
84,105,29,9
85,108,29,9
86,108,29,9
87,108,29,9
88,109,29,9
89,110,29,9
90,111,29,9
91,113,29,9
92,113,29,9
93,113,29,9
94,113,29,9
95,112,29,9
96,114,29,9
97,115,29,9
98,116,29,9
99,116,29,9
100,116,30,9
101,117,30,9
102,119,31,9
103,120,31,9
104,120,31,9
105,121,33,9
106,122,34,9
107,123,34,10
108,124,34,10
109,127,34,10
110,129,34,10
111,130,35,10
112,130,35,10
113,130,37,10
114,132,37,10
115,132,37,11
116,132,39,11
117,133,39,11
118,132,39,11
119,132,39,11
120,133,39,11
121,135,39,11
122,135,39,11
123,136,40,11
124,137,40,11
125,142,40,11
126,144,40,11
127,145,40,11
128,146,40,11
129,146,40,11
130,145,40,11
131,149,40,11
132,152,40,11
133,152,40,11
134,155,39,12
135,154,38,13
136,158,37,14
137,162,37,14
138,163,37,14
139,164,36,15
140,164,36,15
141,164,36,15
142,165,35,16
143,166,35,16
144,167,35,16
145,168,35,16
146,169,35,16
147,171,35,16
148,171,36,16
149,171,37,16
150,173,36,17
151,173,37,17
152,174,37,17
153,175,37,17
154,179,37,17
155,179,37,17
156,179,37,17
157,180,37,17
158,180,37,17
159,182,37,17
160,182,37,17
161,183,37,17
162,183,37,17
163,184,37,17
164,187,37,17
165,189,38,17
166,192,37,18
167,196,37,19
168,199,37,19
169,200,37,19
170,204,38,19
171,208,38,19
172,211,38,19
173,213,38,19
174,213,38,19
175,214,37,20
176,214,37,20
177,215,37,20
178,216,36,21
179,218,36,21
180,221,36,21
181,223,36,21
182,223,36,21
183,224,36,21
184,226,35,22
185,225,35,22
186,225,36,22
187,225,36,22
188,227,36,22
189,230,36,22
190,231,36,22
191,234,36,22
192,235,36,22
193,236,36,22
194,236,35,23
195,236,35,24
196,239,35,24
197,239,35,24
198,239,35,24
199,242,35,24
200,246,35,24
201,246,34,25
202,247,34,25
203,252,34,25
204,254,34,25
205,253,35,25
206,253,35,25
207,253,36,25
208,255,36,25
209,260,36,25
210,262,36,25
211,262,37,25
212,261,37,25
213,264,37,25
214,266,37,25
215,269,36,26
216,272,37,26
217,272,37,26
218,274,37,26
219,275,37,26
220,275,37,26
221,276,37,26
222,278,37,26
223,279,37,26
224,280,37,26
225,279,37,26
226,281,37,26
227,284,37,26
228,285,37,26
229,287,37,26
230,289,37,26
231,290,37,26
232,292,37,26
233,295,38,26
234,298,38,26
235,300,38,26
236,302,38,26
237,303,37,27
238,304,37,27
239,305,37,27
240,308,37,27
241,312,37,27
242,319,35,29
243,323,35,29
244,325,35,29
245,328,35,29
246,331,35,29
247,336,35,29
248,340,35,29
249,340,36,29
250,342,37,29
251,344,37,29
252,348,37,29
253,350,37,29
254,350,37,29
255,353,38,29
256,356,39,29
257,357,40,29
258,358,40,29
259,365,40,29
260,368,40,29
261,372,39,30
262,376,39,30
263,380,39,30
264,385,40,30
265,388,40,30
266,395,40,30
267,397,40,30
268,401,42,30
269,403,43,30
270,407,43,30
271,411,43,30
272,413,43,30
273,413,43,30
274,414,43,30
275,416,42,31
276,418,42,31
277,421,42,31
278,423,42,31
279,425,43,31
280,428,43,31
281,431,43,31
282,434,44,31
283,434,46,31
284,438,45,32
285,441,45,32
286,443,45,32
287,446,45,32
288,450,44,33
289,454,45,33
290,454,46,33
291,463,47,33
292,465,47,33
293,467,47,33
294,470,48,33
295,472,47,34
296,473,47,34
297,476,49,34
298,479,50,34
299,479,50,34
300,482,50,34
301,483,50,34
302,486,50,34
303,488,52,34
304,495,53,34
305,501,53,34
306,504,53,34
307,505,54,34
308,507,54,34
309,513,55,34
310,519,56,34
311,521,56,34
312,527,57,34
313,530,57,34
314,533,57,34
315,535,58,34
316,536,58,34
317,539,58,34
318,543,58,34
319,545,59,34
320,546,61,34
321,551,61,34
322,554,61,34
323,560,61,34
324,563,61,34
325,565,60,35
326,567,60,35
327,568,60,36
328,572,60,36
329,573,62,36
330,580,62,36
331,584,62,37
332,589,62,38
333,592,62,38
334,593,61,39
335,599,62,39
336,602,63,40
337,603,65,40
338,607,69,40
339,612,69,40
340,619,70,40
341,627,71,40
342,631,70,41
343,633,70,41
344,636,69,42
345,640,71,42
346,641,71,42
347,647,73,42
348,652,76,42
349,655,77,42
350,659,77,42
351,663,77,42
352,666,79,42
353,668,82,42
354,674,81,43
355,681,81,43
356,689,81,43
357,694,82,43
358,699,82,44
359,707,84,44
360,709,84,45
361,711,84,45
362,716,84,45
363,724,84,45
364,727,84,45
365,733,83,46
366,740,84,46
367,745,84,46
368,750,86,46
369,758,86,46
370,767,86,46
371,769,86,46
372,779,86,46
373,783,86,46
374,789,86,46
375,793,86,46
376,796,86,46
377,807,86,46
378,816,86,46
379,824,86,46
380,828,86,46
381,836,86,46
382,843,86,46
383,852,86,46
384,858,86,46
385,864,85,47
386,874,85,47
387,881,85,47
388,888,85,47
389,893,85,47
390,899,85,47
391,907,85,47
392,911,84,48
393,917,84,48
394,923,83,49
395,930,83,49
396,932,83,49
397,940,83,49
398,945,83,49
399,956,83,49
400,959,83,49
401,965,84,49
402,970,85,49
403,978,85,49
404,987,84,50
405,992,84,50
406,997,84,50
407,1017,84,50
408,1026,84,50
409,1033,85,50
410,1044,85,50
411,1052,85,51
412,1055,85,51
413,1061,85,51
414,1068,84,52
415,1076,84,52
416,1093,84,52
417,1104,84,52
418,1113,84,52
419,1122,84,52
420,1136,84,52
421,1146,84,52
422,1153,84,52
423,1162,83,53
424,1175,83,53
425,1180,84,53
426,1195,84,53
427,1204,83,54
428,1211,83,54
429,1221,83,54
430,1231,83,54
431,1239,83,54
432,1248,83,54
433,1262,84,54
434,1273,85,54
435,1286,85,54
436,1297,84,55
437,1305,84,55
438,1313,85,55
439,1323,86,55
440,1332,85,56
441,1345,85,56
442,1354,84,57
443,1367,84,57
444,1370,84,57
445,1383,84,57
446,1392,83,58
447,1396,82,59
448,1405,82,59
449,1419,82,59
450,1429,82,59
451,1441,82,59
452,1454,81,60
453,1463,81,60
454,1476,81,60
455,1484,80,61
456,1492,80,61
457,1504,80,61
458,1512,80,61
459,1523,80,61
460,1530,80,61
461,1542,80,61
462,1555,80,61
463,1569,80,61
464,1581,79,62
465,1596,79,62
466,1606,79,62
467,1615,79,62
468,1626,78,63
469,1639,78,63
470,1648,78,63
471,1659,78,63
472,1671,78,63
473,1685,78,63
474,1701,78,63
475,1712,77,64
476,1719,77,64
477,1733,77,64
478,1745,76,65
479,1757,76,65
480,1762,76,65
481,1772,76,65
482,1783,76,65
483,1797,76,65
484,1805,76,65
485,1812,76,65
486,1829,76,65
487,1840,76,65
488,1854,76,65
489,1869,76,65
490,1880,76,65
491,1888,76,65
492,1901,76,65
493,1910,76,65
494,1931,76,65
495,1941,76,65
496,1953,76,65
497,1966,76,65
498,1987,76,65
499,2000,76,65
500,2017,76,65
501,2032,76,65
502,2041,76,65
503,2054,76,65
504,2066,76,65
505,2079,76,65
506,2092,76,65
507,2113,76,65
508,2126,76,65
509,2135,76,65
510,2147,76,65
511,2160,76,65
512,2175,76,65
513,2193,76,65
514,2208,76,65
515,2220,76,65
516,2236,76,65
517,2244,76,65
518,2261,76,65
519,2279,76,65
520,2289,76,65
521,2305,76,65
522,2318,76,65
523,2336,76,65
524,2344,76,65
525,2360,76,65
526,2375,76,65
527,2389,76,65
528,2405,76,65
529,2420,76,65
530,2439,76,65
531,2457,76,65
532,2472,76,65
533,2485,76,65
534,2501,76,65
535,2516,76,65
536,2530,76,65
537,2544,76,65
538,2561,76,65
539,2572,76,65
540,2583,76,65
541,2594,76,65
542,2609,76,65
543,2622,76,65
544,2634,76,65
545,2645,76,65
546,2660,76,65
547,2671,76,65
548,2686,76,65
549,2704,76,65
550,2718,76,65
551,2738,76,65
552,2753,76,65
553,2769,76,65
554,2788,76,65
555,2806,76,65
556,2827,76,65
557,2842,76,65
558,2862,76,65
559,2882,76,65
560,2901,76,65
561,2913,76,65
562,2928,76,65
563,2940,76,65
564,2959,76,65
565,2976,76,65
566,2992,76,65
567,3002,76,65
568,3017,76,65
569,3030,76,65
570,3042,76,65
571,3059,76,65
572,3073,76,65
573,3086,76,65
574,3102,76,65
575,3119,76,65
576,3140,76,65
577,3158,76,65
578,3175,76,65
579,3187,76,65
580,3208,76,65
581,3222,76,65
582,3243,76,65
583,3262,76,65
584,3278,76,65
585,3296,76,65
586,3307,76,65
587,3318,76,65
588,3337,76,65
589,3356,76,65
590,3368,76,65
591,3383,76,65
592,3400,76,65
593,3416,76,65
594,3430,76,65
595,3457,76,65
596,3475,76,65
597,3492,76,65
598,3518,76,65
599,3533,76,65
600,3544,76,65
